occupation,se
Construction,0.026802512444846355
Food service,0.03287958511769851
IT,0.023263549122601326
Janitors,0.027773198796314656
Managers,0.03098749895298202
Medical assistants,0.02071502589975293
Nurses & therapists,0.0178834815770647
Receptionist,0.04272023382883299
Sales & retail,0.03125442034272427
Teachers,0.01791804299994721
Transport,0.020701307862875332
